<?xml version="1.0" encoding="UTF-8"?>
<metadata modelVersion="1.1.0">
  <groupId>org.opendaylight.controller</groupId>
  <artifactId>opendaylight-karaf-resources</artifactId>
  <version>1.6.2-SNAPSHOT</version>
  <versioning>
    <snapshot>
      <localCopy>true</localCopy>
    </snapshot>
    <lastUpdated>20160411143850</lastUpdated>
    <snapshotVersions>
      <snapshotVersion>
        <extension>pom</extension>
        <value>1.6.2-SNAPSHOT</value>
        <updated>20160411143850</updated>
      </snapshotVersion>
      <snapshotVersion>
        <extension>jar</extension>
        <value>1.6.2-SNAPSHOT</value>
        <updated>20160411143850</updated>
      </snapshotVersion>
    </snapshotVersions>
  </versioning>
</metadata>
